City_ID,City,Cloudiness,Country,Date,Humidity,Lat,Lng,Max Temp,Wind Speed
0,Kavaratti,69,IN,2021-03-17 07:41:41,66,10.5669,72.642,83.23,2.75
1,La Ronge,0,CA,2021-03-17 07:41:42,64,55.1001,-105.2842,28.4,5.75
2,Vaini,20,TO,2021-03-17 07:41:42,94,-21.2,-175.2,77.0,3.44
3,Khatanga,100,RU,2021-03-17 07:41:42,94,71.9667,102.5,-22.77,14.99
4,Humaita,38,BR,2021-03-17 07:41:43,92,-7.5061,-63.0208,73.9,1.74
5,Gashua,60,NG,2021-03-17 07:41:43,14,12.871,11.0482,87.87,10.6
6,Dinard,20,FR,2021-03-17 07:41:43,93,48.6314,-2.0614,44.01,2.3
7,Grand-Santi,96,GF,2021-03-17 07:41:43,99,4.25,-54.3833,67.86,1.99
8,Bengkulu,80,ID,2021-03-17 07:41:44,68,-3.8004,102.2655,84.29,7.34
9,Sabha,0,LY,2021-03-17 07:41:44,22,27.0377,14.4283,64.81,8.95
10,Chuy,61,UY,2021-03-17 07:41:44,96,-33.6971,-53.4616,69.33,6.42
11,Sochi,40,RU,2021-03-17 07:41:40,58,43.6,39.7303,59.0,17.9
12,Ushuaia,75,AR,2021-03-17 07:41:00,81,-54.8,-68.3,46.4,11.5
13,Lebu,1,CL,2021-03-17 07:41:45,83,-37.6167,-73.65,53.67,13.11
14,Port Alfred,83,ZA,2021-03-17 07:41:45,87,-33.5906,26.891,71.01,3.0
15,Puerto Ayora,90,EC,2021-03-17 07:41:45,94,-0.7393,-90.3518,75.0,1.01
16,Busselton,0,AU,2021-03-17 07:41:45,52,-33.65,115.3333,87.01,5.01
17,Shirgaon,40,IN,2021-03-17 07:41:46,55,19.7,72.7,89.6,6.91
18,Rikitea,100,PF,2021-03-17 07:41:46,84,-23.1203,-134.9692,76.01,19.51
19,Avarua,75,CK,2021-03-17 07:39:03,83,-21.2078,-159.775,80.6,9.22
20,Dalnegorsk,11,RU,2021-03-17 07:41:46,72,44.5604,135.5701,33.82,13.04
21,Yellowknife,90,CA,2021-03-17 07:41:46,78,62.456,-114.3525,5.0,6.91
22,Dire Dawa,20,ET,2021-03-17 07:41:47,33,9.5931,41.8661,84.25,1.45
23,Cherskiy,41,RU,2021-03-17 07:41:47,98,68.75,161.3,-20.9,5.06
24,Bambous Virieux,40,MU,2021-03-17 07:41:47,70,-20.3428,57.7575,84.99,13.8
25,Lerwick,20,GB,2021-03-17 07:41:48,71,60.1545,-1.1494,46.4,18.41
26,Moyale,100,KE,2021-03-17 07:41:48,51,3.5167,39.0584,79.9,12.88
27,Hualmay,100,PE,2021-03-17 07:41:48,77,-11.0964,-77.6139,72.14,7.47
28,Airai,100,TL,2021-03-17 07:41:48,92,-8.9266,125.4092,66.58,1.54
29,San Carlos Del Zulia,100,VE,2021-03-17 07:41:49,95,9.0,-71.9135,73.8,3.22
30,Broken Hill,40,AU,2021-03-17 07:41:49,46,-31.95,141.4333,75.2,17.27
31,Albany,39,US,2021-03-17 07:39:37,52,42.6001,-73.9662,30.0,1.21
32,Jasper,1,US,2021-03-17 07:41:49,62,37.2001,-94.3502,59.0,10.36
33,Chermoz,100,RU,2021-03-17 07:41:50,88,58.787,56.1489,28.87,12.93
34,Hobart,20,AU,2021-03-17 07:37:39,49,-42.8794,147.3294,68.0,14.97
35,Kaitangata,22,NZ,2021-03-17 07:41:50,71,-46.2817,169.8464,51.01,3.0
36,Kurchum,58,KZ,2021-03-17 07:41:50,81,48.5722,83.6542,14.43,3.89
37,Dikson,0,RU,2021-03-17 07:41:51,96,73.5069,80.5464,-23.06,7.25
38,Bredasdorp,33,ZA,2021-03-17 07:41:51,77,-34.5322,20.0403,68.0,3.44
39,Havoysund,75,NO,2021-03-17 07:41:51,68,70.9963,24.6622,23.0,8.05
40,Atuona,26,PF,2021-03-17 07:41:51,70,-9.8,-139.0333,80.46,10.38
41,Port Hardy,90,CA,2021-03-17 07:41:52,75,50.6996,-127.4199,44.6,4.61
42,Klaksvik,75,FO,2021-03-17 07:41:52,100,62.2266,-6.589,44.6,6.91
43,Sorland,75,NO,2021-03-17 07:41:52,93,67.667,12.6934,37.4,6.91
44,Nanortalik,100,GL,2021-03-17 07:41:53,95,60.1432,-45.2371,29.43,11.5
45,Kattivakkam,40,IN,2021-03-17 07:41:53,58,13.2167,80.3167,87.8,5.75
46,Saint-Joseph,0,RE,2021-03-17 07:41:53,66,-21.3667,55.6167,86.0,25.32
47,Vallenar,0,CL,2021-03-17 07:41:53,83,-28.5708,-70.7581,54.5,1.36
48,Vao,10,NC,2021-03-17 07:41:54,81,-22.6667,167.4833,77.45,22.03
49,Barrow,90,US,2021-03-17 07:41:54,77,71.2906,-156.7887,-7.6,6.91
50,Aykhal,0,RU,2021-03-17 07:41:54,82,66.0,111.5,-15.41,6.13
51,Leningradskiy,100,RU,2021-03-17 07:41:54,88,69.3833,178.4167,-4.45,24.63
52,Wiang Sa,94,TH,2021-03-17 07:41:55,30,8.6359,99.3666,100.0,2.39
53,Beni Suef,0,EG,2021-03-17 07:41:55,32,29.0731,31.0979,69.64,6.11
54,Puerto Madero,75,MX,2021-03-17 07:41:56,76,14.7208,-92.4215,77.9,2.91
55,Ust-Kuyga,6,RU,2021-03-17 07:41:56,93,70.0167,135.6,-16.71,1.48
56,Norman Wells,20,CA,2021-03-17 07:41:56,76,65.282,-126.8329,-18.4,3.44
57,Narsaq,75,GL,2021-03-17 07:41:57,80,60.9167,-46.05,30.2,3.44
58,Lufilufi,75,WS,2021-03-17 07:41:57,89,-13.8745,-171.5986,80.01,4.61
59,Punta Arenas,20,CL,2021-03-17 07:41:57,81,-53.15,-70.9167,48.0,12.66
60,Upernavik,99,GL,2021-03-17 07:41:57,97,72.7868,-56.1549,-1.95,7.05
61,Castro,95,BR,2021-03-17 07:41:58,95,-24.7911,-50.0119,61.93,3.18
62,Verkhnyaya Toyma,100,RU,2021-03-17 07:41:58,97,62.2349,44.9985,32.54,4.56
63,Pencaitland,100,GB,2021-03-17 07:41:58,74,55.9073,-2.8949,45.0,3.0
64,Thompson,75,CA,2021-03-17 07:40:39,57,55.7435,-97.8558,17.6,5.75
65,Doctor Arroyo,0,MX,2021-03-17 07:41:59,13,23.6667,-100.1833,59.41,7.34
66,Pisco,0,PE,2021-03-17 07:41:59,73,-13.7,-76.2167,69.8,8.05
67,Wiarton,90,CA,2021-03-17 07:41:59,69,44.7407,-81.1332,34.0,4.61
68,Georgetown,20,MY,2021-03-17 07:40:15,58,5.4112,100.3354,89.6,8.05
69,Kang,97,BW,2021-03-17 07:42:00,54,-23.6752,22.7876,76.53,7.81
70,Meadow Lake,75,US,2021-03-17 07:42:00,80,34.8014,-106.5436,43.0,9.22
71,Olafsvik,100,IS,2021-03-17 07:42:00,97,64.8945,-23.7142,43.65,17.54
72,Longford,97,IE,2021-03-17 07:42:00,89,53.7333,-7.8,40.82,5.44
73,Chernyshevskiy,100,RU,2021-03-17 07:42:01,87,63.0128,112.4714,17.2,8.97
74,Erzin,54,TR,2021-03-17 07:42:01,70,36.9559,36.2,61.0,21.0
75,Ponta Do Sol,0,PT,2021-03-17 07:42:01,60,32.6667,-17.1,54.0,3.0
76,Alice Springs,84,AU,2021-03-17 07:42:02,17,-23.7,133.8833,87.01,12.66
77,Contamana,95,PE,2021-03-17 07:42:02,98,-7.3333,-75.0167,68.58,1.74
78,Saint-Philippe,0,RE,2021-03-17 07:42:02,66,-21.3585,55.7679,86.0,25.32
79,Wloszczowa,76,PL,2021-03-17 07:42:03,82,50.8526,19.9659,36.0,7.0
80,Vega De Alatorre,0,MX,2021-03-17 07:42:03,74,20.0333,-96.6333,78.48,15.1
81,West Plains,90,US,2021-03-17 07:42:03,62,36.7281,-91.8524,57.2,8.05
82,Jamestown,1,US,2021-03-17 07:42:03,86,42.097,-79.2353,30.2,4.12
83,Novosheshminsk,100,RU,2021-03-17 07:42:04,86,55.0651,51.2338,21.11,12.73
84,Yulara,0,AU,2021-03-17 07:42:04,8,-25.2406,130.9889,87.8,12.66
85,Kulhudhuffushi,79,MV,2021-03-17 07:42:04,67,6.6221,73.07,83.79,8.3
86,Lompoc,1,US,2021-03-17 07:42:05,93,34.6391,-120.4579,41.0,2.73
87,Winnemucca,1,US,2021-03-17 07:42:05,86,40.973,-117.7357,30.2,5.75
88,Ribeira Grande,75,PT,2021-03-17 07:42:05,88,38.5167,-28.7,60.8,17.27
89,Sobolevo,100,RU,2021-03-17 07:42:06,96,54.4299,31.8996,33.24,5.17
90,Loviisa,80,FI,2021-03-17 07:42:07,96,60.4566,26.2251,30.99,6.22
91,Mataura,37,NZ,2021-03-17 07:42:07,71,-46.1927,168.8643,53.01,3.0
92,Conde,0,BR,2021-03-17 07:42:08,94,-7.2597,-34.9075,71.6,2.3
93,Vardo,20,NO,2021-03-17 07:42:08,93,70.3705,31.1107,17.6,34.52
94,Phulji,24,PK,2021-03-17 07:42:08,10,26.8825,67.6807,99.0,5.1
95,Tuatapere,15,NZ,2021-03-17 07:42:09,71,-46.1333,167.6833,53.01,3.0
96,Kodiak,1,US,2021-03-17 07:42:09,50,57.79,-152.4072,28.4,8.05
97,Senanga,32,ZM,2021-03-17 07:42:09,61,-16.1167,23.2667,78.4,8.95
98,Lorengau,95,PG,2021-03-17 07:42:09,70,-2.0226,147.2712,83.48,2.1
99,Klooga,90,EE,2021-03-17 07:42:10,100,59.3197,24.2114,30.99,5.75
100,Ilulissat,75,GL,2021-03-17 07:42:10,79,69.2167,-51.1,12.2,9.22
101,Kysyl-Syr,100,RU,2021-03-17 07:42:10,89,63.8986,122.7617,18.39,6.62
102,Cape Town,0,ZA,2021-03-17 07:38:29,64,-33.9258,18.4232,69.01,10.36
103,Tuktoyaktuk,0,CA,2021-03-17 07:42:11,92,69.4541,-133.0374,-15.18,4.79
104,Nouadhibou,0,MR,2021-03-17 07:42:11,94,20.931,-17.0347,62.6,13.8
105,Touros,20,BR,2021-03-17 07:42:11,88,-5.1989,-35.4608,75.2,3.44
106,Ixtapa,0,MX,2021-03-17 07:42:11,83,20.7,-105.2,64.0,3.31
107,Severo-Kurilsk,100,RU,2021-03-17 07:42:12,98,50.6789,156.125,34.9,19.86
108,Qaanaaq,83,GL,2021-03-17 07:42:12,96,77.484,-69.3632,-6.59,5.03
109,Cabo San Lucas,0,MX,2021-03-17 07:37:56,76,22.8909,-109.9124,62.01,3.0
110,Tiksi,100,RU,2021-03-17 07:42:12,98,71.6872,128.8694,-11.07,4.61
111,Butaritari,22,KI,2021-03-17 07:42:13,78,3.0707,172.7902,80.42,13.0
112,Hasaki,75,JP,2021-03-17 07:42:13,58,35.7333,140.8333,61.0,12.66
113,Chumikan,87,RU,2021-03-17 07:42:14,74,54.7183,135.315,22.55,3.6
114,Bud,100,US,2021-03-17 07:42:14,96,39.447,-86.1758,42.01,6.22
115,Inhambane,40,MZ,2021-03-17 07:42:14,66,-23.865,35.3833,86.0,6.91
116,Fortuna,1,US,2021-03-17 07:42:14,100,40.5982,-124.1573,37.0,9.22
117,Arraial Do Cabo,0,BR,2021-03-17 07:42:15,86,-22.9661,-42.0278,76.62,21.65
118,Trairi,1,BR,2021-03-17 07:42:02,91,-3.2778,-39.2689,74.7,5.79
119,East London,40,ZA,2021-03-17 07:42:15,83,-33.0153,27.9116,71.6,4.61
120,Guerrero Negro,0,MX,2021-03-17 07:40:07,84,27.9769,-114.0611,53.76,10.85
121,Ankang,73,CN,2021-03-17 07:42:15,53,32.68,109.0172,62.71,8.25
122,Caravelas,42,BR,2021-03-17 07:42:16,90,-17.7125,-39.2481,74.77,3.49
123,Sitka,90,US,2021-03-17 07:42:16,65,57.0531,-135.33,42.8,19.57
124,Los Llanos De Aridane,20,ES,2021-03-17 07:41:13,63,28.6585,-17.9182,62.6,10.36
125,Laguna,1,US,2021-03-17 07:42:16,70,38.421,-121.4238,45.0,4.61
126,Novoagansk,100,RU,2021-03-17 07:42:17,92,61.9449,76.6625,24.48,12.66
127,Imbituba,20,BR,2021-03-17 07:42:17,88,-28.24,-48.6703,77.0,8.05
128,Kavieng,100,PG,2021-03-17 07:42:17,70,-2.5744,150.7967,83.84,6.22
129,Wad Rawah,68,SD,2021-03-17 07:42:17,12,15.1603,33.1397,102.54,17.63
130,Micheweni,87,TZ,2021-03-17 07:42:18,60,-4.9667,39.8333,85.57,4.34
131,Saint Simons,1,US,2021-03-17 07:42:18,83,31.1352,-81.3901,69.8,12.66
132,Lang Son,73,VN,2021-03-17 07:42:18,62,21.8333,106.7333,80.2,9.33
133,Hilo,40,US,2021-03-17 07:41:29,83,19.7297,-155.09,71.6,6.91
134,Illapel,0,CL,2021-03-17 07:42:19,79,-31.6308,-71.1653,51.76,1.12
135,Shenjiamen,100,CN,2021-03-17 07:42:19,87,29.9576,122.298,48.85,10.07
136,Cururupu,100,BR,2021-03-17 07:42:19,97,-1.8283,-44.8683,73.62,1.14
137,Port Lincoln,1,AU,2021-03-17 07:42:19,68,-34.7333,135.8667,68.83,11.68
138,Xai-Xai,11,MZ,2021-03-17 07:42:20,61,-25.0519,33.6442,86.27,1.23
139,Orlovskiy,90,RU,2021-03-17 07:42:20,78,46.8714,42.0592,44.96,9.15
140,Tessalit,0,ML,2021-03-17 07:42:20,14,20.1986,1.0114,77.81,7.7
141,Hermanus,26,ZA,2021-03-17 07:42:21,75,-34.4187,19.2345,71.01,5.01
142,Severo-Yeniseyskiy,100,RU,2021-03-17 07:42:21,88,60.3725,93.0408,18.79,9.82
143,Tiarei,20,PF,2021-03-17 07:42:21,74,-17.5333,-149.3333,80.6,8.05
144,Talnakh,100,RU,2021-03-17 07:42:22,80,69.4865,88.3972,-13.16,9.08
145,Antalaha,23,MG,2021-03-17 07:42:22,64,-14.9003,50.2788,85.51,6.78
146,Chokurdakh,0,RU,2021-03-17 07:42:22,83,70.6333,147.9167,-13.56,8.81
147,Paamiut,100,GL,2021-03-17 07:42:22,86,61.994,-49.6678,15.98,15.7
148,Kruisfontein,2,ZA,2021-03-17 07:42:23,77,-34.0033,24.7314,69.01,1.01
149,Nikolskoye,75,RU,2021-03-17 07:42:23,100,59.7035,30.7861,30.2,2.24
150,Langsa,68,ID,2021-03-17 07:42:23,65,4.4683,97.9683,86.97,4.85
151,Kudahuvadhoo,0,MV,2021-03-17 07:42:23,69,2.6708,72.8944,83.17,9.13
152,Uthal,0,PK,2021-03-17 07:42:24,12,25.8072,66.6219,97.59,9.91
153,Jeannette,75,US,2021-03-17 07:42:24,93,40.3281,-79.6153,37.99,2.53
154,Portland,1,US,2021-03-17 07:40:05,70,45.5234,-122.6762,41.0,2.28
155,Heidelberg,75,ZA,2021-03-17 07:42:25,100,-26.5048,28.3592,59.0,9.22
156,Lodja,100,CD,2021-03-17 07:42:17,85,-3.4833,23.4333,73.42,1.81
157,San Pedro,40,PH,2021-03-17 07:42:25,58,14.35,121.0167,91.0,10.36
158,Uige,100,AO,2021-03-17 07:37:26,89,-7.6087,15.0613,72.66,1.03
159,Saskylakh,5,RU,2021-03-17 07:42:25,90,71.9167,114.0833,-36.27,7.16
160,Sibolga,100,ID,2021-03-17 07:42:26,73,1.7427,98.7792,83.12,2.93
161,Bluff,40,NZ,2021-03-17 07:42:26,71,-46.6,168.3333,53.01,3.0
162,Victoria,20,HK,2021-03-17 07:38:18,61,22.2855,114.1577,82.4,6.91
163,Lavrentiya,100,RU,2021-03-17 07:42:26,94,65.5833,-171.0,3.81,3.89
164,Richards Bay,31,ZA,2021-03-17 07:42:26,68,-28.783,32.0377,82.33,1.81
165,Gigmoto,38,PH,2021-03-17 07:42:27,74,13.7796,124.39,84.25,5.14
166,Namibe,75,AO,2021-03-17 07:42:27,88,-15.1961,12.1522,75.2,5.21
167,Castel San Pietro Terme,0,IT,2021-03-17 07:42:27,42,44.3986,11.5848,48.0,6.91
168,Carnarvon,0,AU,2021-03-17 07:42:28,66,-24.8667,113.6333,86.0,17.27
169,Keti Bandar,5,PK,2021-03-17 07:42:28,49,24.1447,67.4497,86.31,14.81
170,Mount Gambier,63,AU,2021-03-17 07:42:28,41,-37.8333,140.7667,78.8,16.11
171,Mar Del Plata,90,AR,2021-03-17 07:42:28,94,-38.0023,-57.5575,64.99,11.5
172,Kabinda,100,CD,2021-03-17 07:42:29,74,-6.1333,24.4833,75.52,5.44
173,Sayansk,100,RU,2021-03-17 07:42:29,81,54.1088,102.1648,22.23,3.38
174,Nador,90,MA,2021-03-17 07:42:29,77,35.174,-2.9287,59.0,12.66
175,Alofi,83,NU,2021-03-17 07:42:29,89,-19.0595,-169.9187,78.8,4.61
176,Sinop,40,TR,2021-03-17 07:42:30,93,41.7711,34.8709,42.8,2.3
177,Margate,100,GB,2021-03-17 07:42:30,83,51.3813,1.3862,44.01,4.0
178,Yelizovo,40,RU,2021-03-17 07:41:06,75,53.1873,158.3805,37.4,4.47
179,Mahebourg,40,MU,2021-03-17 07:42:30,70,-20.4081,57.7,84.2,13.8
180,Iqaluit,40,CA,2021-03-17 07:42:31,70,63.7506,-68.5145,-14.8,2.3
181,Cockburn Town,9,TC,2021-03-17 07:42:31,77,21.4612,-71.1419,74.35,19.51
182,Nizwa,89,OM,2021-03-17 07:42:31,13,22.9333,57.5333,91.08,7.58
183,Yaguachi,75,EC,2021-03-17 07:42:31,94,-2.1167,-79.6833,79.0,5.75
184,Faanui,48,PF,2021-03-17 07:42:32,74,-16.4833,-151.75,82.42,12.21
185,Zhangye,0,CN,2021-03-17 07:42:32,12,38.9342,100.4517,53.35,4.43
186,Ust-Kulom,99,RU,2021-03-17 07:42:32,89,61.6864,53.6902,32.07,7.78
187,Kapaa,90,US,2021-03-17 07:42:33,83,22.0752,-159.319,73.0,18.41
188,Straseni,90,MD,2021-03-17 07:42:33,93,47.1414,28.6103,37.4,14.97
189,Basoko,100,CD,2021-03-17 07:42:33,88,1.2391,23.616,72.81,5.39
190,Provideniya,10,RU,2021-03-17 07:42:33,93,64.3833,-173.3,1.71,5.82
191,Saldanha,0,ZA,2021-03-17 07:42:34,72,-33.0117,17.9442,64.4,11.5
192,Rawson,44,AR,2021-03-17 07:41:30,51,-43.3002,-65.1023,51.24,11.95
193,Yar-Sale,97,RU,2021-03-17 07:42:34,94,66.8333,70.8333,5.83,13.29
194,Palmer,90,US,2021-03-17 07:39:06,80,42.1584,-72.3287,30.0,4.61
195,Rocky Mountain House,0,CA,2021-03-17 07:42:34,86,52.3668,-114.9188,24.8,2.3
196,Wattegama,40,LK,2021-03-17 07:42:35,62,6.7989,81.4808,91.4,11.5
197,Cairns,35,AU,2021-03-17 07:42:01,66,-16.9167,145.7667,86.0,8.05
198,Maniitsoq,93,GL,2021-03-17 07:42:35,84,65.4167,-52.9,9.25,4.07
199,Mutoko,1,ZW,2021-03-17 07:42:35,57,-17.397,32.2268,76.05,2.95
200,Lasa,20,IT,2021-03-17 07:42:35,86,46.6166,10.7002,41.0,5.75
201,Coquimbo,0,CL,2021-03-17 07:42:36,77,-29.9533,-71.3436,57.2,2.3
202,Rio Gallegos,0,AR,2021-03-17 07:41:32,66,-51.6226,-69.2181,46.4,14.97
203,Bay Roberts,97,CA,2021-03-17 07:42:36,76,47.5999,-53.2648,21.0,7.0
204,Coahuayana,0,MX,2021-03-17 07:42:36,84,18.7333,-103.6833,63.66,2.95
205,Sur,8,OM,2021-03-17 07:42:37,38,22.5667,59.5289,86.36,7.49
206,Bonthe,60,SL,2021-03-17 07:42:37,77,7.5264,-12.505,78.66,4.97
207,Bako,100,ET,2021-03-17 07:42:37,40,5.7833,36.5667,82.24,3.29
208,San Rafael Del Sur,74,NI,2021-03-17 07:42:38,70,11.8485,-86.4384,74.32,14.23
209,Bilibino,91,RU,2021-03-17 07:42:38,99,68.0546,166.4372,-21.35,1.81
210,Belaya Gora,0,RU,2021-03-17 07:42:38,84,68.5333,146.4167,-6.63,8.61
211,Zhigansk,89,RU,2021-03-17 07:42:39,87,66.7697,123.3711,-11.92,10.27
212,Constitucion,5,CL,2021-03-17 07:39:11,83,-35.3333,-72.4167,54.66,3.96
213,Esperance,13,AU,2021-03-17 07:42:39,14,-33.8667,121.9,89.6,6.91
214,Bagdarin,42,RU,2021-03-17 07:42:39,56,54.4333,113.6,23.92,5.35
215,Flinders,100,AU,2021-03-17 07:42:39,85,-34.5833,150.8552,70.0,1.99
216,Kyzyl-Suu,100,KG,2021-03-17 07:42:40,64,42.3414,78.0056,33.35,5.46
217,Krasnozerskoye,0,RU,2021-03-17 07:42:40,85,53.9828,79.2374,15.84,13.13
218,Shahr-E Babak,96,IR,2021-03-17 07:42:40,26,30.1165,55.1186,68.32,14.5
219,Longyearbyen,20,SJ,2021-03-17 07:42:41,41,78.2186,15.6401,-4.0,12.66
220,Whyalla,0,AU,2021-03-17 07:42:41,39,-33.0333,137.5833,80.6,13.8
221,Cidreira,66,BR,2021-03-17 07:42:41,89,-30.1811,-50.2056,74.91,12.39
222,Biak,31,ID,2021-03-17 07:42:41,71,-0.9131,122.8766,84.49,3.09
223,Makakilo City,90,US,2021-03-17 07:38:44,88,21.3469,-158.0858,71.6,6.91
224,Saint Anthony,90,US,2021-03-17 07:42:42,93,45.0205,-93.218,33.01,2.86
225,Homer,1,US,2021-03-17 07:42:42,46,59.6425,-151.5483,26.01,4.61
226,Syracuse,20,IT,2021-03-17 07:42:42,71,37.0881,15.2792,51.01,4.61
227,Bethel,73,US,2021-03-17 07:42:43,75,41.3712,-73.414,30.99,0.94
228,Tinskoy,90,RU,2021-03-17 07:42:43,68,56.1525,96.9161,24.26,7.16
229,Gilau,90,RO,2021-03-17 07:42:43,93,46.7324,23.3617,36.0,14.97
230,Roma,90,US,2021-03-17 07:42:44,36,43.2128,-75.4557,44.6,5.75
231,Nurota,2,UZ,2021-03-17 07:42:44,57,40.5614,65.6886,48.2,9.22
232,Novyy Urgal,100,RU,2021-03-17 07:42:44,78,51.0736,132.5642,29.25,1.01
233,Ekhabi,100,RU,2021-03-17 07:42:44,67,53.5102,142.9671,17.6,18.81
234,Houma,90,US,2021-03-17 07:39:31,94,29.5958,-90.7195,73.4,10.36
235,Lethem,82,GY,2021-03-17 07:42:45,81,3.3803,-59.7968,73.9,10.94
236,Katherine,40,AU,2021-03-17 07:42:45,46,-14.4667,132.2667,93.2,11.5
237,Port Elizabeth,20,ZA,2021-03-17 07:42:45,78,-33.918,25.5701,71.6,3.44
238,Luderitz,0,NA,2021-03-17 07:42:45,67,-26.6481,15.1594,67.33,6.2
239,Slyudyanka,98,RU,2021-03-17 07:42:46,85,51.6594,103.7061,26.01,4.68
240,Arlit,0,NE,2021-03-17 07:42:46,11,18.7369,7.3853,87.96,13.65
241,Virginia Beach,90,US,2021-03-17 07:42:46,93,36.8529,-75.978,46.99,12.66
242,Herat,0,AF,2021-03-17 07:42:46,34,34.5,62.0,68.0,3.44
243,Kalmar,0,SE,2021-03-17 07:42:47,100,56.6616,16.3616,33.8,3.44
244,Balkhash,0,KZ,2021-03-17 07:42:47,24,46.844,74.9804,28.4,2.24
245,Tarauaca,57,BR,2021-03-17 07:41:06,95,-8.1614,-70.7656,68.34,2.39
246,Manzanillo,0,CU,2021-03-17 07:42:47,84,20.3433,-77.1167,68.31,5.48
247,Byron Bay,75,AU,2021-03-17 07:42:48,94,-28.65,153.6167,68.0,6.91
248,Babai,2,IN,2021-03-17 07:42:48,10,22.7,77.9333,101.08,4.38
249,Igrim,100,RU,2021-03-17 07:42:48,99,63.1906,64.4162,32.5,7.4
250,Syasstroy,100,RU,2021-03-17 07:42:49,94,60.1367,32.5691,31.14,0.83
251,Tame,100,CO,2021-03-17 07:42:49,77,6.461,-71.73,73.31,4.63
252,Sao Joao Da Barra,0,BR,2021-03-17 07:42:49,89,-21.6403,-41.0511,74.5,12.5
253,Thinadhoo,45,MV,2021-03-17 07:42:49,67,0.5333,72.9333,83.5,4.03
254,Tezu,0,IN,2021-03-17 07:42:50,16,27.9167,96.1667,94.8,4.88
255,Necochea,100,AR,2021-03-17 07:41:13,82,-38.5473,-58.7368,57.99,11.01
256,Clyde River,1,CA,2021-03-17 07:41:01,63,70.4692,-68.5914,-18.4,6.91
257,Urengoy,100,RU,2021-03-17 07:42:50,94,65.9667,78.3667,25.52,12.93
258,Zyryanka,18,RU,2021-03-17 07:42:51,93,65.75,150.85,-1.82,8.03
259,Guilin,90,CN,2021-03-17 07:42:51,73,25.2819,110.2864,78.8,2.24
260,Okhotsk,0,RU,2021-03-17 07:42:51,73,59.3833,143.3,10.31,11.77
261,Aklavik,74,CA,2021-03-17 07:42:51,84,68.2191,-135.0107,-13.0,3.44
262,Kumluca,68,TR,2021-03-17 07:42:52,63,36.3703,30.2869,57.88,11.88
263,San Patricio,90,US,2021-03-17 07:42:52,94,28.017,-97.5169,73.0,13.8
264,Buncrana,75,IE,2021-03-17 07:42:52,100,55.1333,-7.45,39.2,8.05
265,New Norfolk,20,AU,2021-03-17 07:42:52,49,-42.7826,147.0587,68.0,14.97
266,Ancud,0,CL,2021-03-17 07:42:53,87,-41.8697,-73.8203,48.0,8.05
267,Samarai,20,PG,2021-03-17 07:42:53,76,-10.6167,150.6667,84.02,9.78
268,Kizukuri,75,JP,2021-03-17 07:42:53,69,40.8061,140.3861,39.0,14.97
269,Williston,98,US,2021-03-17 07:42:53,85,48.147,-103.618,27.0,1.01
270,Cobija,46,BO,2021-03-17 07:42:54,99,-11.0267,-68.7692,70.81,2.44
271,Ust-Maya,98,RU,2021-03-17 07:42:54,90,60.4167,134.5333,16.84,2.57
272,Pangkalanbuun,79,ID,2021-03-17 07:42:54,80,-2.6833,111.6167,84.52,5.21
273,Zhucheng,0,CN,2021-03-17 07:42:54,28,35.9947,119.3975,58.17,9.06
274,Leshukonskoye,100,RU,2021-03-17 07:42:55,89,64.8989,45.7622,20.66,2.75
275,Isangel,3,VU,2021-03-17 07:42:55,82,-19.55,169.2667,78.26,7.99
276,Broome,90,US,2021-03-17 07:42:55,69,42.2506,-75.833,28.4,3.44
277,Yining,94,CN,2021-03-17 07:42:56,83,29.0361,114.5636,67.24,3.8
278,Leh,45,IN,2021-03-17 07:42:56,49,34.1667,77.5833,32.86,5.39
279,Qasigiannguit,75,GL,2021-03-17 07:42:56,79,68.8193,-51.1922,12.2,9.22
280,Carutapera,99,BR,2021-03-17 07:42:56,91,-1.195,-46.02,75.49,4.97
281,Rochester,1,US,2021-03-17 07:42:57,86,43.1548,-77.6156,32.0,3.42
282,Mayor Pablo Lagerenza,100,PY,2021-03-17 07:42:57,75,-19.9309,-60.7718,73.98,5.01
283,Bukachacha,100,RU,2021-03-17 07:42:57,68,52.9833,116.9167,23.97,5.1
284,Torbay,75,CA,2021-03-17 07:42:58,79,47.6666,-52.7314,21.99,23.02
285,Vila Franca Do Campo,75,PT,2021-03-17 07:42:58,72,37.7167,-25.4333,57.2,9.22
286,Huaura,100,PE,2021-03-17 07:42:58,75,-11.07,-77.5994,72.28,6.69
287,Kodino,98,RU,2021-03-17 07:42:58,92,63.7198,39.6447,28.08,3.94
288,Manhumirim,28,BR,2021-03-17 07:42:59,98,-20.3578,-41.9581,64.29,2.73
289,Hecun,1,CN,2021-03-17 07:42:59,21,36.5333,114.1111,62.53,8.34
290,Tasiilaq,100,GL,2021-03-17 07:42:59,91,65.6145,-37.6368,30.06,20.42
291,Shingu,40,JP,2021-03-17 07:43:00,32,33.7333,135.9833,66.2,18.41
292,Tignere,96,CM,2021-03-17 07:43:00,58,7.3667,12.65,77.2,2.89
293,Sishui,35,CN,2021-03-17 07:43:00,21,35.6489,117.2758,63.81,5.7
294,Nioro,14,GM,2021-03-17 07:43:00,52,13.35,-15.75,66.83,4.72
295,Panaba,0,MX,2021-03-17 07:43:01,95,21.2833,-88.2667,70.27,7.74
296,Am Timan,100,TD,2021-03-17 07:43:01,47,11.0297,20.2827,86.14,11.39
297,Bereda,6,ES,2021-03-17 07:43:01,100,43.2686,-7.5406,44.01,3.0
298,Pahrump,0,US,2021-03-17 07:43:02,56,36.2083,-115.9839,44.01,1.01
299,Beaverlodge,1,CA,2021-03-17 07:43:02,68,55.2166,-119.4361,26.6,5.75
300,Menongue,100,AO,2021-03-17 07:43:02,87,-14.6585,17.691,68.02,3.09
301,Kamina,100,CD,2021-03-17 07:43:03,83,-8.7386,24.9906,72.72,5.97
302,Tadine,53,NC,2021-03-17 07:43:03,78,-21.55,167.8833,77.95,5.93
303,Flin Flon,7,CA,2021-03-17 07:43:03,93,54.7682,-101.865,21.81,5.86
304,Pontal Do Parana,75,BR,2021-03-17 07:43:04,94,-25.6533,-48.5128,66.2,5.75
305,Karratha,9,AU,2021-03-17 07:43:04,36,-20.7377,116.8463,94.37,5.79
306,Codrington,25,AU,2021-03-17 07:43:04,66,-38.2667,141.9667,68.76,11.79
307,Ayorou,27,NE,2021-03-17 07:43:04,10,14.7308,0.9174,86.07,12.71
308,Baruun-Urt,100,MN,2021-03-17 07:43:05,25,46.6806,113.2792,35.17,3.49
309,Petropavlovsk-Kamchatskiy,40,RU,2021-03-17 07:43:05,75,53.0452,158.6483,37.4,4.47
310,Nizhniy Kuranakh,100,RU,2021-03-17 07:43:05,85,58.8353,125.4869,22.53,6.87
311,Candolim,40,IN,2021-03-17 07:43:05,70,15.5181,73.7626,87.8,8.05
312,Hovd,94,MN,2021-03-17 07:43:06,46,48.0056,91.6419,26.51,7.29
313,Spalding,90,US,2021-03-17 07:43:06,100,33.2668,-84.2833,48.99,3.44
314,Grojec,74,PL,2021-03-17 07:43:06,100,51.8625,20.8676,35.01,11.07
315,Saint-Doulchard,90,FR,2021-03-17 07:43:06,81,47.1037,2.352,43.0,10.36
316,Marzuq,82,YE,2021-03-17 07:43:07,7,14.4,46.4667,84.04,6.22
317,Beringovskiy,0,RU,2021-03-17 07:43:07,76,63.05,179.3167,-4.25,10.27
318,Cabinda,75,AO,2021-03-17 07:43:07,83,-5.55,12.2,75.2,2.3
319,Tapejara,100,BR,2021-03-17 07:43:08,97,-28.0681,-52.0139,65.43,1.77
320,Cubara,96,CO,2021-03-17 07:43:08,90,7.0008,-72.1085,71.74,3.67
321,Matamoros,0,MX,2021-03-17 07:43:08,12,25.5333,-103.25,59.05,3.71
322,Montana,100,BG,2021-03-17 07:43:08,100,43.4125,23.225,37.0,16.84
323,Manjeri,40,IN,2021-03-17 07:43:09,52,11.1167,76.1167,93.2,2.3
324,Potam,0,MX,2021-03-17 07:43:09,57,27.6,-110.3833,54.0,3.0
325,Bagotville,75,AU,2021-03-17 07:43:09,94,-28.9833,153.4167,68.0,6.91
326,Bose,8,IT,2021-03-17 07:43:10,46,45.4612,8.0137,48.0,3.36
327,Hami,89,CN,2021-03-17 07:43:10,24,42.8,93.45,53.74,7.72
328,Hambantota,40,LK,2021-03-17 07:43:10,62,6.1241,81.1185,91.4,11.5
329,San Angelo,90,US,2021-03-17 07:43:10,39,31.4638,-100.437,62.6,19.57
330,Sosua,20,DO,2021-03-17 07:43:11,100,19.7667,-70.5167,66.0,7.52
331,Hithadhoo,70,MV,2021-03-17 07:43:11,68,-0.6,73.0833,83.43,6.38
332,Dabakala,23,CI,2021-03-17 07:43:11,71,8.3667,-4.4333,80.1,6.33
333,Biltine,100,TD,2021-03-17 07:43:11,6,14.5333,20.9167,96.93,19.62
334,Dehloran,9,IR,2021-03-17 07:43:12,25,32.6941,47.2679,81.21,17.11
335,Akyab,5,MM,2021-03-17 07:43:12,50,20.15,92.9,83.21,12.91
336,Saint George,75,US,2021-03-17 07:41:02,81,37.1041,-113.5841,44.01,0.83
337,Mantua,0,IT,2021-03-17 07:43:13,49,45.1667,10.7833,45.0,1.01
338,Urumqi,90,CN,2021-03-17 07:43:13,80,43.801,87.6005,26.6,4.47
339,Pangnirtung,7,CA,2021-03-17 07:43:13,86,66.1451,-65.7125,-22.85,1.19
340,Hamilton,90,US,2021-03-17 07:39:39,100,39.1834,-84.5333,44.6,3.44
341,Kahului,40,US,2021-03-17 07:42:09,94,20.8947,-156.47,69.8,9.22
342,Lagoa,100,PT,2021-03-17 07:43:14,79,39.05,-27.9833,59.65,22.88
343,Fairbanks,90,US,2021-03-17 07:40:19,77,64.8378,-147.7164,3.0,0.69
344,Granadilla De Abona,20,ES,2021-03-17 07:43:14,63,28.1188,-16.576,62.6,14.97
345,Almaznyy,90,RU,2021-03-17 07:43:15,100,48.0448,40.045,39.2,11.18
346,Sanand,0,IN,2021-03-17 07:43:15,16,22.9833,72.3833,98.6,6.91
347,Zhezkazgan,0,KZ,2021-03-17 07:43:15,60,47.8043,67.7144,19.56,5.84
348,Luwuk,23,ID,2021-03-17 07:43:16,73,-0.9516,122.7875,86.47,3.69
349,Bushenyi,100,UG,2021-03-17 07:43:16,70,-0.5853,30.2114,70.84,6.6
350,Dubrovytsya,100,UA,2021-03-17 07:43:16,97,51.5744,26.565,36.77,10.04
351,Honiara,88,SB,2021-03-17 07:43:16,80,-9.4333,159.95,79.84,1.63
352,Porto Santo,40,PT,2021-03-17 07:43:17,88,33.072,-16.3415,59.0,16.11
353,Diu,0,IN,2021-03-17 07:43:17,35,20.7141,70.9822,89.26,10.38
354,Soure,94,BR,2021-03-17 07:43:17,87,-0.7167,-48.5233,76.89,8.97
355,Huangmei,89,CN,2021-03-17 07:43:17,83,30.1924,116.025,57.07,8.7
356,Kishi,77,NG,2021-03-17 07:43:18,63,9.0833,3.85,81.21,9.93
357,Anadyr,0,RU,2021-03-17 07:43:18,71,64.75,177.4833,-4.0,26.84
358,Aksu,49,CN,2021-03-17 07:43:18,19,41.1231,80.2644,57.69,5.64
359,Santa Fe,69,AR,2021-03-17 07:40:10,88,-31.6333,-60.7,66.99,4.0
360,Geraldton,0,AU,2021-03-17 07:43:19,58,-28.7667,114.6,84.2,20.71
361,Walvis Bay,90,NA,2021-03-17 07:43:19,77,-22.9575,14.5053,60.8,4.61
362,Burnie,76,AU,2021-03-17 07:38:59,58,-41.0667,145.9167,64.0,5.01
363,Nicoya,35,CR,2021-03-17 07:43:19,85,10.1483,-85.452,70.38,1.72
364,Pacific Grove,90,US,2021-03-17 07:41:14,71,36.6177,-121.9166,48.2,3.44
365,Nara,0,JP,2021-03-17 07:40:13,33,34.6851,135.8049,59.0,13.8
366,Leona Vicario,1,MX,2021-03-17 07:43:20,78,20.9667,-87.1917,78.8,16.11
367,Harrisonburg,98,US,2021-03-17 07:39:20,71,38.4496,-78.8689,42.01,1.57
368,Pevek,100,RU,2021-03-17 07:43:20,98,69.7008,170.3133,-15.29,5.32
369,Fredericksburg,90,US,2021-03-17 07:43:20,93,38.3032,-77.4605,42.8,2.39
370,Skibbereen,20,IE,2021-03-17 07:43:21,87,51.55,-9.2667,41.0,10.36
371,Yumen,100,CN,2021-03-17 07:43:21,10,40.2833,97.2,51.48,11.95
372,Bambanglipuro,97,ID,2021-03-17 07:43:21,71,-7.95,110.2833,84.13,8.9
373,Arona,20,ES,2021-03-17 07:43:21,63,28.0996,-16.681,62.6,14.97
374,Bulawayo,0,ZW,2021-03-17 07:43:22,39,-20.15,28.5833,75.99,8.37
375,Lashio,39,MM,2021-03-17 07:43:22,12,22.9333,97.75,94.1,6.04
376,Dongzhen,8,CN,2021-03-17 07:43:22,100,22.3797,110.9389,86.0,9.28
377,Sosnovo-Ozerskoye,98,RU,2021-03-17 07:43:22,75,52.5249,111.5418,22.6,6.08
378,Khomeyn,40,IR,2021-03-17 07:43:23,45,33.6423,50.0789,62.6,18.41
379,Oussouye,75,SN,2021-03-17 07:43:23,94,12.485,-16.5469,68.0,6.91
380,Charlestown,100,AU,2021-03-17 07:42:32,89,-32.95,151.6667,71.01,12.86
381,Cap Malheureux,3,MU,2021-03-17 07:43:23,70,-19.9842,57.6142,84.99,11.01
382,Yerbogachen,100,RU,2021-03-17 07:43:23,86,61.2767,108.0108,20.1,11.56
383,Barsovo,75,RU,2021-03-17 07:43:24,93,61.1667,73.1667,26.6,13.42
384,Asau,100,RO,2021-03-17 07:43:24,76,46.4333,26.4,35.01,11.07
385,Clearwater,0,US,2021-03-17 07:43:01,88,27.9659,-82.8001,71.01,7.31
386,Tula,92,RU,2021-03-17 07:42:24,94,54.2044,37.6111,28.99,7.72
387,Juneau,90,US,2021-03-17 07:39:00,86,58.3019,-134.4197,33.8,7.61
388,Tiznit,27,MA,2021-03-17 07:43:25,43,29.5833,-9.5,64.18,1.43
389,Malabo,75,GQ,2021-03-17 07:43:25,88,3.75,8.7833,75.2,3.44
390,Atar,100,MR,2021-03-17 07:43:25,13,20.5169,-13.0499,75.79,7.14
391,Revda,0,RU,2021-03-17 07:43:25,37,56.801,59.9303,30.2,17.9
392,Carbonia,0,IT,2021-03-17 07:43:26,93,39.1672,8.5222,52.0,4.61
393,Gloversville,90,US,2021-03-17 07:43:26,54,43.0528,-74.3438,26.01,1.25
394,San Rafael,97,AR,2021-03-17 07:43:26,67,-34.6177,-68.3301,59.22,21.43
395,Port Hedland,98,AU,2021-03-17 07:43:27,55,-20.3167,118.5667,91.4,14.97
396,Half Moon Bay,90,US,2021-03-17 07:43:28,87,37.4636,-122.4286,44.6,3.44
397,Bathsheba,20,BB,2021-03-17 07:43:28,65,13.2167,-59.5167,77.0,13.8
398,Shubarkuduk,100,KZ,2021-03-17 07:43:28,68,49.1447,56.4872,23.31,19.28
399,Wanaka,0,NZ,2021-03-17 07:43:29,69,-44.7,169.15,51.39,5.79
400,Zhuji,75,CN,2021-03-17 07:40:18,87,29.7188,120.2423,50.0,8.95
401,Worland,1,US,2021-03-17 07:43:29,80,44.0169,-107.9554,32.0,3.44
402,Front Royal,90,US,2021-03-17 07:43:29,100,38.9182,-78.1944,41.0,0.98
403,Sakakah,0,SA,2021-03-17 07:42:13,26,29.9697,40.2064,69.8,3.18
404,Khani,0,GE,2021-03-17 07:43:30,58,41.9563,42.9566,59.0,20.71
405,Dhidhdhoo,74,MV,2021-03-17 07:43:30,67,6.8833,73.1,83.89,8.12
406,Kirakira,100,SB,2021-03-17 07:43:30,80,-10.4544,161.9205,80.82,3.15
407,San Felipe,92,VE,2021-03-17 07:43:31,94,10.3399,-68.7425,71.13,5.17
408,The Valley,20,AI,2021-03-17 07:43:31,78,18.217,-63.0578,75.99,10.36
409,Tilichiki,12,RU,2021-03-17 07:43:31,86,60.4667,166.1,1.76,11.16
410,Yanam,20,IN,2021-03-17 07:43:31,62,16.7333,82.2167,89.6,10.36
411,Bartica,20,GY,2021-03-17 07:43:32,100,6.4,-58.6167,69.8,2.3
412,Souillac,40,MU,2021-03-17 07:43:32,70,-20.5167,57.5167,84.2,13.8
413,Belyy Yar,0,RU,2021-03-17 07:43:32,53,53.6039,91.3903,21.2,2.24
414,Porto Novo,40,BJ,2021-03-17 07:43:32,83,6.4965,2.6036,82.4,12.66
415,Odweyne,99,SO,2021-03-17 07:43:33,37,9.4092,45.064,82.58,11.23
416,Mustasaari,75,FI,2021-03-17 07:43:33,93,63.1142,21.6822,28.4,10.36
417,Lima,0,PE,2021-03-17 07:40:02,83,-12.0432,-77.0282,72.0,6.91
418,Blythe,1,US,2021-03-17 07:43:33,37,33.6103,-114.5964,51.01,5.75
419,Aasiaat,100,GL,2021-03-17 07:43:34,94,68.7098,-52.8699,3.63,5.39
420,Turochak,16,RU,2021-03-17 07:43:34,84,52.2576,87.1224,26.42,2.77
421,Nishihara,20,JP,2021-03-17 07:43:35,65,26.1842,127.7558,78.8,8.05
422,Durban,40,ZA,2021-03-17 07:40:30,78,-29.8579,31.0292,75.2,4.61
423,Wuwei,69,CN,2021-03-17 07:43:35,16,37.9281,102.6414,50.27,6.78
424,Hofn,100,IS,2021-03-17 07:43:35,84,64.2539,-15.2082,43.3,5.53
425,Obo,71,CF,2021-03-17 07:43:36,64,5.3998,26.4869,80.26,5.84
426,Marang,20,MY,2021-03-17 07:43:36,62,5.2056,103.2059,87.8,6.91
427,Surgut,75,RU,2021-03-17 07:43:36,93,61.25,73.4167,26.6,13.42
428,Pingzhuang,0,CN,2021-03-17 07:43:36,15,42.0372,119.2889,46.78,7.02
429,Gimli,100,CA,2021-03-17 07:40:40,80,50.6336,-96.9907,32.0,2.3
430,Trincomalee,0,LK,2021-03-17 07:43:37,64,8.5711,81.2335,82.71,9.33
431,Vredendal,0,ZA,2021-03-17 07:43:37,55,-31.6683,18.5012,73.51,2.06
432,Ucluelet,100,CA,2021-03-17 07:38:48,86,48.9329,-125.5528,41.0,6.69
433,Denpasar,40,ID,2021-03-17 07:39:06,74,-8.65,115.2167,86.0,9.22
434,Grand Gaube,4,MU,2021-03-17 07:43:37,70,-20.0064,57.6608,84.99,11.01
435,Mount Isa,40,AU,2021-03-17 07:43:38,29,-20.7333,139.5,91.4,11.5
436,Tomatlan,0,MX,2021-03-17 07:43:38,80,19.9333,-105.25,58.98,2.21
437,Strezhevoy,40,RU,2021-03-17 07:43:38,86,60.7333,77.5889,23.0,13.42
438,Tsuruga,34,JP,2021-03-17 07:43:38,60,35.6455,136.0558,51.01,4.0
439,Shimoni,100,KE,2021-03-17 07:43:39,63,-4.6476,39.3817,83.82,3.02
440,Tommot,95,RU,2021-03-17 07:43:39,82,58.9564,126.2925,23.18,6.29
441,Assiniboia,67,CA,2021-03-17 07:43:40,79,49.6334,-105.9845,15.8,4.61
442,Zheleznodorozhnyy,0,RU,2021-03-17 07:43:40,74,55.7503,38.0042,32.0,8.95
443,Kidal,42,ML,2021-03-17 07:43:40,13,18.4411,1.4078,79.86,7.74
444,Ambilobe,48,MG,2021-03-17 07:43:40,73,-13.2,49.05,87.08,0.6
445,San Cristobal,82,VE,2021-03-17 07:43:41,95,7.7669,-72.225,65.07,0.89
446,Halifax,69,CA,2021-03-17 07:41:42,67,44.6453,-63.5724,15.8,1.14
447,Manoel Urbano,11,BR,2021-03-17 07:43:41,98,-8.8389,-69.2597,69.73,2.42
448,Freeport,90,US,2021-03-17 07:41:07,64,40.6576,-73.5832,36.0,3.44
449,Tautira,20,PF,2021-03-17 07:43:42,74,-17.7333,-149.15,80.6,8.05
450,Husavik,75,IS,2021-03-17 07:43:42,75,66.0449,-17.3389,42.8,14.97
451,Toora-Khem,100,RU,2021-03-17 07:43:42,66,52.4675,96.11,22.14,4.34
452,Noumea,90,NC,2021-03-17 07:42:24,73,-22.2763,166.4572,77.0,10.36
453,Meulaboh,44,ID,2021-03-17 07:43:19,69,4.1363,96.1285,84.85,5.95
454,Salisbury,40,GB,2021-03-17 07:43:19,100,51.0693,-1.7957,39.99,8.05
455,Sao Filipe,0,CV,2021-03-17 07:43:42,75,14.8961,-24.4956,69.64,6.44
456,Bundaberg,90,AU,2021-03-17 07:43:43,94,-24.85,152.35,73.0,8.05
457,Lexington,1,US,2021-03-17 07:43:43,93,37.9887,-84.4777,48.0,5.75
458,Muncar,96,ID,2021-03-17 07:43:43,83,-8.4333,114.3333,82.96,3.8
459,Key West,75,US,2021-03-17 07:43:35,69,24.5557,-81.7826,78.8,14.97
460,Minnedosa,90,CA,2021-03-17 07:43:44,86,50.2453,-99.8436,32.0,4.61
461,Guanica,100,PR,2021-03-17 07:43:44,41,17.9716,-66.908,71.01,4.16
462,Siilinjarvi,90,FI,2021-03-17 07:43:44,86,63.0833,27.6667,28.4,6.91
463,Nuevitas,1,CU,2021-03-17 07:43:44,94,21.5453,-77.2644,66.2,5.75
464,Sinnamary,100,GF,2021-03-17 07:43:45,82,5.3833,-52.95,75.56,9.4
465,Birao,100,CF,2021-03-17 07:43:45,45,10.2849,22.7882,87.13,5.75
466,Nyrob,94,RU,2021-03-17 07:43:45,99,60.733,56.7202,32.67,7.94
467,Jaguarao,96,BR,2021-03-17 07:43:46,96,-32.5661,-53.3758,70.45,10.07
468,Coihaique,6,CL,2021-03-17 07:43:46,88,-45.5752,-72.0662,42.1,2.8
469,Bestobe,99,KZ,2021-03-17 07:43:46,80,52.4994,73.0975,19.33,15.05
470,Along,0,IN,2021-03-17 07:43:47,42,28.1667,94.7667,81.32,4.34
471,Beian,75,NO,2021-03-17 07:43:47,86,63.6559,9.5683,35.01,4.61
472,Tarakan,100,ID,2021-03-17 07:43:47,71,3.3,117.6333,84.49,9.48
473,Wanlaweyn,100,SO,2021-03-17 07:43:47,40,2.6185,44.8938,90.97,11.18
474,Luebo,100,CD,2021-03-17 07:43:48,69,-5.35,21.4167,79.5,2.98
475,Mezen,98,RU,2021-03-17 07:43:48,93,65.8522,44.24,20.39,2.42
476,Piacabucu,10,BR,2021-03-17 07:43:48,82,-10.4056,-36.4344,75.11,2.89
477,Umba,0,RU,2021-03-17 07:43:48,87,66.6871,34.3429,14.56,5.21
478,Porto Belo,55,BR,2021-03-17 07:43:49,77,-27.1578,-48.5531,81.0,5.3
479,Dubbo,90,AU,2021-03-17 07:43:49,94,-32.25,148.6167,60.8,8.05
480,Luanda,75,AO,2021-03-17 07:43:49,88,-8.8368,13.2343,77.0,5.75
481,Marystown,6,CA,2021-03-17 07:43:50,75,47.1666,-55.1483,19.71,14.47
482,Yaan,77,NG,2021-03-17 07:43:50,63,7.3833,8.5667,83.46,11.72
483,Dingle,25,PH,2021-03-17 07:43:50,68,10.9995,122.6711,87.04,7.47
484,Guia De Isora,20,ES,2021-03-17 07:43:50,63,28.2115,-16.7795,62.6,14.97
485,Mindelo,20,CV,2021-03-17 07:43:51,82,16.8901,-24.9804,66.2,13.8
486,Ostrovnoy,78,RU,2021-03-17 07:43:51,93,68.0531,39.5131,10.04,14.58
487,Methven,100,NZ,2021-03-17 07:43:51,80,-43.6333,171.65,55.0,3.65
488,Kerman,56,IR,2021-03-17 07:43:51,23,30.2832,57.0788,71.6,4.61
489,Egvekinot,1,RU,2021-03-17 07:43:52,84,66.3167,-179.1667,-12.3,9.89
490,Odemira,9,PT,2021-03-17 07:43:52,61,37.598,-8.6397,55.0,3.0
491,Santa Maria,100,BR,2021-03-17 07:39:50,94,-29.6842,-53.8069,69.69,2.42
492,Governador Valadares,4,BR,2021-03-17 07:43:52,96,-18.8511,-41.9494,66.43,1.3
493,Saint-Augustin,0,CA,2021-03-17 07:43:53,88,51.226,-58.6502,-7.15,9.22
494,Pathein,34,MM,2021-03-17 07:43:53,19,16.7833,94.7333,100.65,13.29
495,Esfahan,75,IR,2021-03-17 07:43:53,36,32.6572,51.6776,64.4,4.61
496,Semme,90,FR,2021-03-17 07:43:54,81,46.1963,1.5007,42.01,9.22
497,Port Keats,100,AU,2021-03-17 07:43:54,76,-14.25,129.55,85.42,3.49
498,Chicama,100,PE,2021-03-17 07:43:54,69,-7.8447,-79.1469,75.09,5.41
499,Monte Azul Paulista,100,BR,2021-03-17 07:43:54,92,-20.9072,-48.6414,66.78,6.96
500,Bansko,100,BG,2021-03-17 07:40:12,86,41.8383,23.4885,37.99,8.14
501,Chernyatyn,75,UA,2021-03-17 07:43:55,100,48.6603,25.4483,37.0,15.66
502,Cayenne,20,GF,2021-03-17 07:43:55,94,4.9333,-52.3333,79.0,2.3
503,Dalvik,75,IS,2021-03-17 07:43:55,75,65.9702,-18.5286,42.8,14.97
504,Olinda,40,BR,2021-03-17 07:43:40,78,-8.0089,-34.8553,73.4,3.44
505,Tromso,75,NO,2021-03-17 07:43:56,86,69.6496,18.957,23.0,8.05
506,Ola,12,RU,2021-03-17 07:43:56,67,59.5833,151.2833,12.78,9.31
507,Varhaug,5,NO,2021-03-17 07:43:56,90,58.6147,5.6457,34.0,5.61
508,Belmonte,75,BR,2021-03-17 07:43:57,88,-15.8631,-38.8828,73.4,3.44
509,Sabang,100,ID,2021-03-17 07:43:57,64,5.8933,95.3214,83.41,3.09
510,Mitchelstown,20,IE,2021-03-17 07:43:57,87,52.2658,-8.2681,41.0,10.36
511,Betare Oya,95,CM,2021-03-17 07:43:58,81,5.6,14.0833,72.64,3.67
512,Lahat,99,ID,2021-03-17 07:43:58,63,-3.8,103.5333,89.17,1.97
513,Neryungri,100,RU,2021-03-17 07:43:58,85,56.6709,124.6491,16.47,6.06
514,Faya,0,SA,2021-03-17 07:43:59,17,18.3851,42.4509,77.0,2.84
515,Ahipara,0,NZ,2021-03-17 07:44:00,84,-35.1667,173.1667,61.03,6.58
516,Huai Thalaeng,40,TH,2021-03-17 07:44:00,63,14.997,102.6475,100.4,3.44
517,Nyurba,100,RU,2021-03-17 07:44:00,89,63.2842,118.3319,19.11,7.43
518,Berlevag,90,NO,2021-03-17 07:44:01,93,70.8578,29.0864,23.0,39.12
519,Manzhouli,0,CN,2021-03-17 07:44:01,66,49.6,117.4333,23.67,14.05
520,Izoplit,100,RU,2021-03-17 07:44:01,93,56.6256,36.222,33.87,4.52
521,Sanchazi,0,CN,2021-03-17 07:44:02,41,42.0817,126.6003,39.06,4.97
522,Adrar,3,MR,2021-03-17 07:44:02,15,20.5022,-10.0711,68.97,6.33
523,Tineo,75,ES,2021-03-17 07:44:02,100,43.3376,-6.4145,48.2,1.79
524,Gejiu,99,CN,2021-03-17 07:44:02,21,23.306,103.1635,76.05,12.53
525,Boa Vista,0,BR,2021-03-17 07:44:03,88,2.8197,-60.6733,75.2,5.75
526,San Carlos De Bariloche,75,AR,2021-03-17 07:44:03,71,-41.1456,-71.3082,48.99,14.97
527,Andros,0,GR,2021-03-17 07:44:03,32,37.8333,24.9333,57.99,7.0
528,Soddy-Daisy,100,US,2021-03-17 07:44:04,97,35.2359,-85.1908,53.01,4.0
529,Banda Aceh,100,ID,2021-03-17 07:44:04,71,5.5577,95.3222,83.28,3.02
530,Huilong,100,CN,2021-03-17 07:44:04,86,31.8111,121.655,50.0,6.15
531,Jibuti,1,DJ,2021-03-17 07:44:04,62,11.5,42.5,86.0,9.22
532,Cavalcante,70,BR,2021-03-17 07:44:05,90,-13.7975,-47.4583,67.05,1.45
533,Labis,95,MY,2021-03-17 07:44:05,53,2.385,103.021,90.79,2.8
534,Yakima,1,US,2021-03-17 07:44:05,69,46.4665,-120.6678,39.0,6.91
535,Dombarovskiy,72,RU,2021-03-17 07:44:05,70,50.7587,59.5386,17.91,9.75
536,Cortez,1,US,2021-03-17 07:44:06,93,37.3489,-108.5859,30.2,6.96
537,Antofagasta,90,CL,2021-03-17 07:42:22,77,-23.65,-70.4,64.4,2.3
538,Villarrobledo,0,ES,2021-03-17 07:44:06,82,39.2699,-2.6012,44.01,5.01
539,Misratah,10,LY,2021-03-17 07:44:06,58,32.3754,15.0925,59.4,16.82
540,Xichang,0,CN,2021-03-17 07:44:07,5,27.8964,102.2634,86.0,1.99
541,Sumbe,90,AO,2021-03-17 07:44:07,73,-11.2061,13.8437,80.6,3.44
542,Grindavik,90,IS,2021-03-17 07:44:07,100,63.8424,-22.4338,44.6,19.57
543,Nemuro,75,JP,2021-03-17 07:44:07,75,43.3236,145.575,37.4,10.36
544,Pedasi,80,PA,2021-03-17 07:44:08,81,7.5333,-80.0333,76.77,11.83
545,Suntar,100,RU,2021-03-17 07:44:08,82,62.1444,117.6319,22.62,9.75
546,Lagos,75,NG,2021-03-17 07:40:55,94,6.5833,3.75,77.0,2.3
547,Kuopio,90,FI,2021-03-17 07:44:08,86,62.8924,27.677,28.4,6.91
548,Salme,40,NP,2021-03-17 07:44:09,35,28.0369,85.0942,75.2,10.36
549,Hobyo,24,SO,2021-03-17 07:44:09,66,5.3505,48.5268,85.42,17.29
550,Kloulklubed,75,PW,2021-03-17 07:44:09,70,7.0419,134.2556,86.0,11.5
551,Mount Darwin,28,ZW,2021-03-17 07:44:09,66,-16.7725,31.5838,76.3,6.31
552,Kaihua,0,CN,2021-03-17 07:44:10,34,23.3687,104.28,80.83,14.97
553,Vanimo,100,PG,2021-03-17 07:44:10,82,-2.6741,141.3028,77.49,2.15
554,Ouadda,100,CF,2021-03-17 07:44:10,64,8.0777,22.4007,77.81,9.22
555,Sault Sainte Marie,1,CA,2021-03-17 07:43:51,80,46.5168,-84.3333,26.6,0.74
556,Dhar,20,IN,2021-03-17 07:44:11,16,22.6,75.3,91.4,4.61
557,Manokwari,88,ID,2021-03-17 07:39:19,77,-0.8667,134.0833,82.72,10.47
